player_name,team,display_current,display_hybrid,display_65_35_R_A,display_65_35_R_D,rank_current,rank_hybrid,rank_65_35_R_A,rank_65_35_R_D,gain_hybrid,blend_hybrid,z_current,z_share,z_ratio
Aleix García,Bayer 04 Leverkusen,8.445700669663923,8.436601832868776,8.437249512657814,8.43568694654783,1,1,1,1,0,2.9495672514228546,3.5188267049078763,1.9633439174319482,1.7977407316423029
Pierre-Emile Højbjerg,Olympique de Marseille,8.3017145930982,8.200495468614072,8.219458679302072,8.172908137826155,3,2,3,2,1,1.4626259842005616,1.733560978556016,1.07819863636263,0.8011441391108349
Angelo Stiller,VfB Stuttgart,8.259279431561005,8.196855613917725,8.232474701517562,8.140739253459206,4,3,2,3,1,1.4549930179331638,1.603240412007401,1.4072204818500147,0.8762843583890005
Elliot Anderson,Nottingham Forest,7.805106415833516,8.128155276884836,8.15482703141086,8.089103417537283,8,4,4,4,4,1.3274911075565918,0.9433948664478068,2.172693631211829,1.8649714541543456
Leon Avdullahu,TSG Hoffenheim,7.910842332845304,7.962737030020254,8.00856136496106,7.8950847751886855,6,5,5,7,1,1.1017232304398612,1.0452062336218604,1.362534724230333,0.998881558263903
Maxime López,Paris FC,7.918439133616722,7.913402746468796,7.782156235933467,8.052875764480978,5,6,7,6,-1,1.0478798293460116,1.053171668637211,0.6818420876127103,1.512998848061883
Valentin Rongier,Stade Rennais,7.8171221089279435,7.874208593147116,7.883274279299189,7.86192568664017,7,7,6,9,0,1.0081194820761208,0.9542087006933309,1.1339027999707267,1.0740217775420697
Exequiel Palacios,Bayer 04 Leverkusen,8.320810021534664,7.8287394508858705,7.563720264172319,8.074368881692019,2,8,9,5,-6,0.964831583321469,1.8044936815091688,-1.1934293982488786,0.20397713326856634
Máximo Perrone,Como,7.771143913209362,7.5338972674983316,7.637692323549402,7.380046287272992,9,9,8,11,0,0.734943660165004,0.9137261417229094,0.6114467160200603,0.12488216560733864
Granit Xhaka,Sunderland,6.4245641595491,7.494191128105912,7.432423250303723,7.572067920990014,17,10,10,10,7,0.7087206033773306,0.17505807941331245,1.587799913326812,1.8491524606221006
Laurent Abergel,Lorient,6.714245899981739,7.146262338287987,7.034031693464777,7.286784636505935,13,11,12,12,2,0.5073299015786839,0.3002364031039167,0.7286703130634731,1.1096145129896227
Marten de Roon,Atalanta,7.329683917830334,7.064772973327071,7.15222109586149,6.942794802744304,10,12,11,13,-2,0.46555544541849575,0.6080147623995822,0.3292530959834378,0.029968204413864975
Branco Van den Boomen,Angers,6.9673138523679805,6.979430300205392,5.979804056847868,7.864731223765676,12,13,23,8,-1,0.4233721387776873,0.41749970592483676,-0.7989092504970283,2.0785278668396607
Nicolò Fagioli,Fiorentina,6.303380280663815,6.685436746046631,6.689257942791748,6.6803361867211715,19,14,14,14,5,0.2874326328677132,0.12446748423670273,0.5949191070374381,0.5836329780424588
Aleix Febas,Elche,6.660424787681659,6.5424205471749115,6.7372574122069295,6.271432624749764,14,15,13,17,-1,0.22512373563982477,0.27639051220353184,0.3739388536031201,-0.19545245342063305
Bruno Guimarães,Newcastle United,6.615348531607905,6.4389656485101066,6.369082368523051,6.530988992923671,15,16,16,16,-1,0.18112466926534343,0.25665337417498857,-0.04292417295857142,0.15256540428876744
Lucas Da Cunha,Como,6.5619892470550045,6.182346528335923,6.429053534704144,5.84842772916735,16,17,15,23,-1,0.07456504028923988,0.23353848838677205,0.07185088942074892,-0.6107010336420784
Senne Lynen,SV Werder Bremen,6.142055263034902,6.13416551395955,6.292536576688454,5.921474834304832,22,18,18,21,4,0.054816272771095284,0.058046847320725646,0.2349845114158894,-0.1994072018036951
Pablo Fornals,Real Betis,5.8909345806191995,6.11983804442722,6.360714204912564,5.795846574994761,25,19,17,24,6,0.048952552598663275,-0.04454593911116243,0.5064657922971086,-0.1559049695900192
Hugo Sotelo,Celta Vigo,6.98425299865158,6.086896094073074,5.667157701928874,6.634600887018665,11,20,26,15,-9,0.03548267714158744,0.42571721166852083,-1.1811867249284178,-0.03330776971511674
Tyler Morton,Olympique Lyonnais,5.967072975147962,6.074725991822141,6.168020851550037,5.950041658521989,24,21,19,20,3,0.03050986802621153,-0.013440411234761791,0.221211503930371,-0.03330776971511674
Valentín Barco,RC Strasbourg,6.200803326777518,6.054330197884847,6.02603200211677,6.0920372738024655,20,22,21,18,-2,0.02217922704578285,0.08214480894944468,-0.12219548270855544,-0.04517201486430067
Nemanja Matić,Sassuolo,5.365862462121366,5.979521412370853,6.052658718242408,5.882084249919507,28,23,20,22,5,-0.008358801865422913,-0.2648557556749723,0.5532940177478715,0.3542575718248987
Benjamin André,Lille,6.3042923934613,5.837239539012584,5.869498432281487,5.794317617992443,18,24,25,25,-6,-0.06653083067454063,0.12484559032920357,-0.38418869176641735,-0.47228484023492995
James Garner,Everton,4.9055695657717635,5.774843672125843,6.022234332950606,5.452879163227326,29,25,22,30,4,-0.09216058276801843,-0.48057788498310555,0.9184317495306158,0.24352461709918016
Kévin Danois,Auxerre,4.867060408495734,5.760615928353837,5.952108736014944,5.510199037861652,30,26,24,29,4,-0.09802051021773645,-0.5003906442301483,0.8734399250779222,0.35030282344183666
Nikola Moro,Bologna,5.64740967987947,5.6334484850528295,5.610036159281964,5.6647710264028,26,27,27,26,-1,-0.15074441160996072,-0.14492050313371307,-0.1895301859710897,-0.12426698252552835
Pascal Groß,Brighton & Hove Albion,5.60037579120803,5.605628450748323,5.581874951276213,5.63741780505801,27,28,28,28,-1,-0.16238026497960845,-0.16458201994375543,-0.18677558447398646,-0.1203122341424674
Lamine Camara,AS Monaco,6.158051879211313,5.5349525649205455,5.450414762781257,5.649446480327337,21,29,29,27,-8,-0.19214553766821627,0.06460068625740643,-0.7719753691920141,-0.5316060659808507
Sofyan Amrabat,Real Betis,6.1005338529326565,5.331132580585921,4.870993260491776,6.026647665137496,23,30,32,19,-7,-0.280110243064765,0.04105728023102243,-1.5001083649264226,-0.04517201486430067
Mateus Fernandes,West Ham United,4.3504363413946585,5.218999122824208,5.3642480120393925,5.034589696752444,33,31,30,32,2,-0.33028391960992165,-0.8167394082891659,0.7580527290325791,0.3265743331434688
Nadiem Amiri,1. FSV Mainz 05,4.736893651033243,5.201652552006635,5.096324404231994,5.347328750855143,31,32,31,31,-1,-0.33818502805632916,-0.5702646501242996,-0.046903041787721166,0.279117352546732
Adam Wharton,Crystal Palace,4.202885619597687,4.571076261284588,4.680785072300569,4.437305879454796,37,33,33,34,4,-0.6673502495485102,-0.9362965547379244,0.018901327309755793,-0.4169183628720707
Maximilian Arnold,VfL Wolfsburg,4.307993376386769,4.446992244110579,4.378914666147689,4.54439833409473,35,34,36,33,1,-0.7478770404824994,-0.849130496880069,-0.69668292827118,-0.37737087904145683
Iñigo Ruiz de Galarreta,Athletic Club,4.2646946127164265,4.38891847039158,4.521624461956006,4.234875904820126,36,35,34,38,1,-0.7885455383603246,-0.8837398078803105,-0.35450020896429996,-0.9547641429684185
André,Wolverhampton,3.922295290852058,4.357180549027402,4.462433953843597,4.2322835278044,44,36,35,39,8,-0.811720995976901,-1.2491415356731006,0.21294769943906017,-0.2824569178479837
Pathé Ismaël Ciss,Rayo Vallecano,4.17962307850463,4.268616866635257,4.2889112185725065,4.242278234799128,38,37,37,36,1,-0.8805345090049305,-0.9571680110439692,-0.6914797921099842,-0.8005289560290246
Moi Gómez,Osasuna,4.093006239332113,4.225419019041991,4.1763544793100005,4.2958173866984275,39,38,38,35,1,-0.9166710457710512,-1.0412083918704844,-0.8096215896524316,-0.5197418208316668
Azzedine Ounahi,Girona FC,4.335226512635209,4.190382995049487,4.156337114066889,4.238290379312734,34,39,39,37,-5,-0.9474340515748384,-0.8281834193555238,-1.2583155668473212,-1.0496781041618917
Miguel Román,Celta Vigo,4.474848025187709,4.091652696609562,4.033179078549857,4.179183905799308,32,40,41,41,-8,-1.0426115953691122,-0.729094416047476,-1.8070933984369781,-1.3818769683390477
Lucas Gourna-Douath,Le Havre,3.9698714741290293,3.9699684146183505,3.8534950759914124,4.18758760211765,42,41,44,40,1,-1.1836029352663588,-1.1837291816704594,-1.6840545315663467,-0.5157870724486053
Hakon Arnar Haraldsson,Lille,4.004419397291544,3.9501298487062804,4.077304492918829,3.824024427911805,41,42,40,43,-1,-1.210007351939295,-1.1403226022513655,-0.9041962410529913,-1.9197227484353956
Bilal El Khannouss,VfB Stuttgart,4.066453300088337,3.8927719977050814,3.9480765714299224,3.830062785493464,40,43,42,42,-3,-1.2937021635099302,-1.0693142780797118,-1.479295820281639,-2.0185914580119304
Nabil Bentaleb,Lille,3.9301397050640903,3.835094384610051,3.8889345832905247,3.775722742508516,43,44,43,44,-1,-1.3921131977558416,-1.2378487670437428,-1.4147157185162083,-2.030455703161114
Ísak Bergmann Jóhannesson,1. FC Köln,3.723424832973714,3.775297680527651,3.840992212062572,3.7093951009011765,45,45,45,45,0,-1.5162491061851726,-1.6526059434443066,-0.8772623597479775,-1.7773518066451857
